URL,Status,Response Code,Protocol,Method,Content-Type,Client Address,Client Port,Remote Address,Remote Port,Exception,Request Start Time,Request End Time,Response Start Time,Response End Time,Duration (ms),DNS Duration (ms),Connect Duration (ms),SSL Duration (ms),Request Duration (ms),Response Duration (ms),Latency (ms),Speed (KB/s),Request Speed (KB/s),Response Speed (KB/s),Request Handshake Size (bytes),Request Header Size (bytes),Request Body Size (bytes),Response Handshake Size (bytes),Response Header Size (bytes),Response Body Size (bytes),Request Compression,Response Compression
https://servlet.ttlock.com/app/update,COMPLETE,200,https,POST,application/json;charset=utf-8,/192.168.1.135,59908,servlet.ttlock.com/8.211.32.62,443,,10 Sep 2023 14:01:19,10 Sep 2023 14:01:20,10 Sep 2023 14:01:20,10 Sep 2023 14:01:20,491,9,103,220,44,2,113,53.285156,46.29785,12062.988,1390,618,78,24689,0,16,,
https://servlet.ttlock.com/check/updateSplashScreen,COMPLETE,200,https,POST,application/json;charset=utf-8,/192.168.1.135,59907,servlet.ttlock.com/8.211.32.62,443,,10 Sep 2023 14:01:19,10 Sep 2023 14:01:20,10 Sep 2023 14:01:20,10 Sep 2023 14:01:20,564,9,104,313,2,1,135,46.149414,995.1172,24038.086,1390,632,16,24599,0,16,,
https://servlet.ttlock.com/system/getPasscodeMinLength,COMPLETE,200,https,GET,application/json;charset=utf-8,/192.168.1.135,59909,servlet.ttlock.com/8.211.32.62,443,,10 Sep 2023 14:01:19,10 Sep 2023 14:01:20,10 Sep 2023 14:01:20,10 Sep 2023 14:01:20,536,10,103,315,0,1,107,48.614258,0.0,24100.586,1390,614,,24599,0,80,,
https://servlet.ttlock.com/check/syncDataPage,COMPLETE,200,https,POST,application/json;charset=utf-8,/192.168.1.135,59910,servlet.ttlock.com/8.211.32.62,443,,10 Sep 2023 14:01:20,10 Sep 2023 14:01:20,10 Sep 2023 14:01:20,10 Sep 2023 14:01:20,594,1,99,299,55,1,139,47.424805,41.317383,25898.438,1390,627,310,24599,0,1921,,
https://servlet.ttlock.com/room/queryState,COMPLETE,200,https,POST,application/json;charset=utf-8,/192.168.1.135,59912,servlet.ttlock.com/8.211.32.62,443,,10 Sep 2023 14:01:20,10 Sep 2023 14:01:20,10 Sep 2023 14:01:20,10 Sep 2023 14:01:20,569,0,97,297,68,0,107,45.801758,29.22461,0.0,1390,623,22,24599,0,53,,
https://servlet.ttlock.com/room/updateNotifyCheck,COMPLETE,200,https,POST,application/json;charset=utf-8,/192.168.1.135,59911,servlet.ttlock.com/8.211.32.62,443,,10 Sep 2023 14:01:20,10 Sep 2023 14:01:20,10 Sep 2023 14:01:20,10 Sep 2023 14:01:20,602,1,97,346,52,1,105,43.231445,38.216797,24038.086,1390,630,15,24599,0,16,,
https://servlet.ttlock.com/room/queryState,COMPLETE,200,https,POST,application/json;charset=utf-8,/192.168.1.135,59913,servlet.ttlock.com/8.211.32.62,443,,10 Sep 2023 14:01:20,10 Sep 2023 14:01:20,10 Sep 2023 14:01:20,10 Sep 2023 14:01:20,606,0,97,346,47,0,116,43.004883,42.282227,0.0,1390,623,22,24599,0,53,,
https://servlet.ttlock.com/system/listAdvert,COMPLETE,200,https,POST,application/json;charset=utf-8,/192.168.1.135,59920,servlet.ttlock.com/8.211.32.62,443,,10 Sep 2023 14:01:20,10 Sep 2023 14:01:21,10 Sep 2023 14:01:21,10 Sep 2023 14:01:21,561,0,110,334,0,2,115,47.60254,0.0,12343.262,1390,677,0,24599,0,680,,
https://servlet.ttlock.com/room/queryState,COMPLETE,200,https,POST,application/json;charset=utf-8,/192.168.1.135,59921,servlet.ttlock.com/8.211.32.62,443,,10 Sep 2023 14:01:20,10 Sep 2023 14:01:21,10 Sep 2023 14:01:21,10 Sep 2023 14:01:21,542,1,93,281,60,0,107,48.17871,33.984375,0.0,1390,676,22,24599,0,53,,
https://servlet.ttlock.com/check/syncDataPage,COMPLETE,200,https,POST,application/json;charset=utf-8,/192.168.1.135,59923,servlet.ttlock.com/8.211.32.62,443,,10 Sep 2023 14:01:24,10 Sep 2023 14:01:24,10 Sep 2023 14:01:25,10 Sep 2023 14:01:25,602,1,96,301,77,1,126,44.801758,30.18457,24646.484,1390,680,310,24599,0,639,,
https://servlet.ttlock.com/system/listAdvert,COMPLETE,200,https,POST,application/json;charset=utf-8,/192.168.1.135,59924,servlet.ttlock.com/8.211.32.62,443,,10 Sep 2023 14:01:25,10 Sep 2023 14:01:25,10 Sep 2023 14:01:25,10 Sep 2023 14:01:25,533,0,107,316,0,1,109,50.10254,0.0,24686.523,1390,677,0,24599,0,680,,
https://servlet.ttlock.com/room/queryState,COMPLETE,200,https,POST,application/json;charset=utf-8,/192.168.1.135,59925,servlet.ttlock.com/8.211.32.62,443,,10 Sep 2023 14:01:25,10 Sep 2023 14:01:26,10 Sep 2023 14:01:26,10 Sep 2023 14:01:26,702,0,106,318,161,1,116,37.198242,12.6640625,24074.219,1390,676,22,24599,0,53,,
https://servlet.ttlock.com/check/getServerDatetime,COMPLETE,200,https,POST,application/json;charset=utf-8,/192.168.1.135,59927,servlet.ttlock.com/8.211.32.62,443,,10 Sep 2023 14:01:31,10 Sep 2023 14:01:31,10 Sep 2023 14:01:31,10 Sep 2023 14:01:31,608,2,110,332,53,2,109,42.945312,39.006836,12021.973,1390,684,43,24599,0,22,,
https://servlet.ttlock.com/lockRecords/unlockFromApp,COMPLETE,200,https,POST,application/json;charset=utf-8,/192.168.1.135,59926,servlet.ttlock.com/8.211.32.62,443,,10 Sep 2023 14:01:31,10 Sep 2023 14:01:31,10 Sep 2023 14:01:31,10 Sep 2023 14:01:31,609,2,104,321,53,1,128,43.282227,42.41504,24111.328,1390,687,225,24599,0,91,,
https://servlet.ttlock.com/lockRecords/fromLock,COMPLETE,200,https,POST,application/json;charset=utf-8,/192.168.1.135,59928,servlet.ttlock.com/8.211.32.62,443,,10 Sep 2023 14:01:32,10 Sep 2023 14:01:33,10 Sep 2023 14:01:33,10 Sep 2023 14:01:33,542,1,90,283,55,1,112,48.58789,40.5,24107.422,1390,682,209,24599,0,87,,
https://servlet.ttlock.com/room/plugListByLockId,COMPLETE,200,https,POST,application/json;charset=utf-8,/192.168.1.135,59929,servlet.ttlock.com/8.211.32.62,443,,10 Sep 2023 14:01:35,10 Sep 2023 14:01:36,10 Sep 2023 14:01:36,10 Sep 2023 14:01:36,552,1,92,285,64,1,109,47.442383,32.16504,24129.883,1390,682,36,24599,0,110,,
https://servlet.ttlock.com/key/modifyGroup,COMPLETE,200,https,POST,application/json;charset=utf-8,/192.168.1.135,59930,servlet.ttlock.com/8.211.32.62,443,,10 Sep 2023 14:01:47,10 Sep 2023 14:01:48,10 Sep 2023 14:01:48,10 Sep 2023 14:01:48,699,1,105,327,148,1,117,37.445312,13.96875,24107.422,1390,676,51,24599,0,87,,
https://servlet.ttlock.com/key/modifyGroup,COMPLETE,200,https,POST,application/json;charset=utf-8,/192.168.1.135,59931,servlet.ttlock.com/8.211.32.62,443,,10 Sep 2023 14:01:51,10 Sep 2023 14:01:52,10 Sep 2023 14:01:52,10 Sep 2023 14:01:52,607,1,101,320,55,2,128,43.121094,37.58789,12053.711,1390,676,51,24599,0,87,,
https://servlet.ttlock.com/keyGroup/add,COMPLETE,200,https,POST,application/json;charset=utf-8,/192.168.1.135,59932,servlet.ttlock.com/8.211.32.62,443,,10 Sep 2023 14:01:57,10 Sep 2023 14:01:57,10 Sep 2023 14:01:57,10 Sep 2023 14:01:57,559,1,93,285,78,1,101,46.671875,26.279297,24040.04,1390,673,36,24599,0,18,,
https://servlet.ttlock.com/room/modifyPwd,COMPLETE,200,https,POST,application/json;charset=utf-8,/192.168.1.135,59933,servlet.ttlock.com/8.211.32.62,443,,10 Sep 2023 14:02:17,10 Sep 2023 14:02:18,10 Sep 2023 14:02:18,10 Sep 2023 14:02:18,648,1,99,355,75,2,116,40.489258,28.398438,12053.711,1390,676,115,24599,0,87,,
https://servlet.ttlock.com/room/queryElectricQuantity,COMPLETE,200,https,POST,application/json;charset=utf-8,/192.168.1.135,59938,servlet.ttlock.com/8.211.32.62,443,,10 Sep 2023 14:02:25,10 Sep 2023 14:02:25,10 Sep 2023 14:02:26,10 Sep 2023 14:02:26,1651,1,97,303,44,1,1205,15.801758,46.430664,24045.898,1390,687,15,24599,0,24,,
https://servlet.ttlock.com/wirelessKeypad/listByLock,COMPLETE,200,https,POST,application/json;charset=utf-8,/192.168.1.135,59939,servlet.ttlock.com/8.211.32.62,443,,10 Sep 2023 14:02:32,10 Sep 2023 14:02:33,10 Sep 2023 14:02:33,10 Sep 2023 14:02:33,595,1,98,300,46,1,149,43.823242,44.390625,24033.203,1390,686,15,24599,0,11,,
https://servlet.ttlock.com/doorSensor/query,COMPLETE,200,https,POST,application/json;charset=utf-8,/192.168.1.135,59940,servlet.ttlock.com/8.211.32.62,443,,10 Sep 2023 14:02:37,10 Sep 2023 14:02:37,10 Sep 2023 14:02:38,10 Sep 2023 14:02:38,673,1,113,345,63,1,150,38.870117,32.27246,24126.953,1390,677,15,24599,0,107,,
https://servlet.ttlock.com/room/updateSetting,COMPLETE,200,https,POST,application/json;charset=utf-8,/192.168.1.135,59941,servlet.ttlock.com/8.211.32.62,443,,10 Sep 2023 14:02:56,10 Sep 2023 14:02:56,10 Sep 2023 14:02:58,10 Sep 2023 14:02:58,1928,1,102,323,55,2,1445,13.572266,37.481445,12053.711,1390,679,42,24599,0,87,,
https://servlet.ttlock.com/room/updateSetting,COMPLETE,200,https,POST,application/json;charset=utf-8,/192.168.1.135,59942,servlet.ttlock.com/8.211.32.62,443,,10 Sep 2023 14:02:59,10 Sep 2023 14:03:00,10 Sep 2023 14:03:01,10 Sep 2023 14:03:01,1617,1,91,456,61,1,1007,16.183594,33.79492,24107.422,1390,679,42,24599,0,87,,
https://servlet.ttlock.com/room/updateSetting,COMPLETE,200,https,POST,application/json;charset=utf-8,/192.168.1.135,59943,servlet.ttlock.com/8.211.32.62,443,,10 Sep 2023 14:03:03,10 Sep 2023 14:03:04,10 Sep 2023 14:03:05,10 Sep 2023 14:03:05,1276,0,106,319,79,1,771,20.507812,26.094727,24107.422,1390,679,42,24599,0,87,,
https://servlet.ttlock.com/room/queryDate,COMPLETE,200,https,POST,application/json;charset=utf-8,/192.168.1.135,59944,servlet.ttlock.com/8.211.32.62,443,,10 Sep 2023 14:03:10,10 Sep 2023 14:03:11,10 Sep 2023 14:03:15,10 Sep 2023 14:03:15,4707,1,109,332,56,1,4208,5.5439453,36.637695,24043.945,1390,675,36,24599,0,22,,
https://servlet.ttlock.com/room/updateDate,COMPLETE,200,https,POST,application/json;charset=utf-8,/192.168.1.135,59945,servlet.ttlock.com/8.211.32.62,443,,10 Sep 2023 14:03:16,10 Sep 2023 14:03:17,10 Sep 2023 14:03:19,10 Sep 2023 14:03:19,1616,1,110,338,53,1,1113,16.148438,38.73047,24043.945,1390,676,36,24599,0,22,,
https://servlet.ttlock.com/room/update,COMPLETE,200,https,POST,application/json;charset=utf-8,/192.168.1.135,59947,servlet.ttlock.com/8.211.32.62,443,,10 Sep 2023 14:03:22,10 Sep 2023 14:03:23,10 Sep 2023 14:03:23,10 Sep 2023 14:03:23,614,1,105,317,53,1,137,42.643555,38.65625,24134.766,1390,672,36,24599,0,115,,
https://servlet.ttlock.com/companyForSciener/isExistenceCompany,COMPLETE,200,https,POST,application/json;charset=utf-8,/192.168.1.135,59949,servlet.ttlock.com/8.211.32.62,443,,10 Sep 2023 14:03:37,10 Sep 2023 14:03:38,10 Sep 2023 14:03:38,10 Sep 2023 14:03:38,570,1,102,312,49,1,105,45.99414,42.310547,24143.555,1390,697,36,24599,0,124,,
https://servlet.ttlock.com/key/updateMonitorFlag,COMPLETE,200,https,POST,application/json;charset=utf-8,/192.168.1.135,59950,servlet.ttlock.com/8.211.32.62,443,,10 Sep 2023 14:03:42,10 Sep 2023 14:03:42,10 Sep 2023 14:03:42,10 Sep 2023 14:03:42,616,2,108,324,65,1,116,42.524414,32.121094,24107.422,1390,682,66,24599,0,87,,
https://servlet.ttlock.com/key/updateMonitorFlag,COMPLETE,200,https,POST,application/json;charset=utf-8,/192.168.1.135,59951,servlet.ttlock.com/8.211.32.62,443,,10 Sep 2023 14:03:43,10 Sep 2023 14:03:44,10 Sep 2023 14:03:44,10 Sep 2023 14:03:44,609,0,109,324,56,1,119,43.012695,37.283203,24107.422,1390,682,66,24599,0,87,,
https://servlet.ttlock.com/room/queryState,COMPLETE,200,https,POST,application/json;charset=utf-8,/192.168.1.135,59952,servlet.ttlock.com/8.211.32.62,443,,10 Sep 2023 14:03:45,10 Sep 2023 14:03:46,10 Sep 2023 14:03:46,10 Sep 2023 14:03:46,604,6,105,320,54,1,118,43.2334,37.759766,24074.219,1390,676,22,24599,0,53,,
https://servlet.ttlock.com/room/queryState,COMPLETE,200,https,POST,application/json;charset=utf-8,/192.168.1.135,59953,servlet.ttlock.com/8.211.32.62,443,,10 Sep 2023 14:03:46,10 Sep 2023 14:03:46,10 Sep 2023 14:03:47,10 Sep 2023 14:03:47,641,1,111,339,71,1,118,40.73828,28.71875,24074.219,1390,676,22,24599,0,53,,
https://servlet.ttlock.com/user/listKeyUser,COMPLETE,200,https,POST,application/json;charset=utf-8,/192.168.1.135,59954,servlet.ttlock.com/8.211.32.62,443,,10 Sep 2023 14:03:51,10 Sep 2023 14:03:52,10 Sep 2023 14:03:52,10 Sep 2023 14:03:52,578,1,99,304,67,0,107,45.140625,30.72461,0.0,1390,677,41,24599,0,11,,
https://servlet.ttlock.com/user/setAlertMode,COMPLETE,200,https,POST,application/json;charset=utf-8,/192.168.1.135,59955,servlet.ttlock.com/8.211.32.62,443,,10 Sep 2023 14:03:57,10 Sep 2023 14:03:58,10 Sep 2023 14:03:58,10 Sep 2023 14:03:58,587,1,105,321,45,1,114,44.573242,45.72461,24107.422,1390,678,39,24599,0,87,,
https://servlet.ttlock.com/user/setAlertMode,COMPLETE,200,https,POST,application/json;charset=utf-8,/192.168.1.135,59956,servlet.ttlock.com/8.211.32.62,443,,10 Sep 2023 14:03:58,10 Sep 2023 14:03:59,10 Sep 2023 14:03:59,10 Sep 2023 14:03:59,616,1,105,327,53,1,129,42.475586,38.822266,24107.422,1390,678,39,24599,0,87,,
https://servlet.ttlock.com/check/syncDataPage,COMPLETE,200,https,POST,application/json;charset=utf-8,/192.168.1.135,59957,servlet.ttlock.com/8.211.32.62,443,,10 Sep 2023 14:04:01,10 Sep 2023 14:04:02,10 Sep 2023 14:04:02,10 Sep 2023 14:04:02,730,4,103,320,119,1,183,38.728516,19.53125,25948.242,1390,680,310,24599,0,1972,,
https://servlet.ttlock.com/system/listAdvert,COMPLETE,200,https,POST,application/json;charset=utf-8,/192.168.1.135,59958,servlet.ttlock.com/8.211.32.62,443,,10 Sep 2023 14:04:02,10 Sep 2023 14:04:03,10 Sep 2023 14:04:03,10 Sep 2023 14:04:03,496,1,96,299,0,0,100,53.84082,0.0,0.0,1390,677,0,24599,0,680,,
https://servlet.ttlock.com/room/queryState,COMPLETE,200,https,POST,application/json;charset=utf-8,/192.168.1.135,59959,servlet.ttlock.com/8.211.32.62,443,,10 Sep 2023 14:04:02,10 Sep 2023 14:04:03,10 Sep 2023 14:04:03,10 Sep 2023 14:04:03,632,1,112,345,50,1,123,41.31836,40.78125,24074.219,1390,676,22,24599,0,53,,
https://servlet.ttlock.com/check/syncDataPage,COMPLETE,200,https,POST,application/json;charset=utf-8,/192.168.1.135,59962,servlet.ttlock.com/8.211.32.62,443,,10 Sep 2023 14:04:27,10 Sep 2023 14:04:27,10 Sep 2023 14:04:27,10 Sep 2023 14:04:27,662,0,101,301,47,1,212,40.79785,49.45117,24684.57,1390,680,310,24599,0,678,,
https://servlet.ttlock.com/system/listAdvert,COMPLETE,200,https,POST,application/json;charset=utf-8,/192.168.1.135,59963,servlet.ttlock.com/8.211.32.62,443,,10 Sep 2023 14:04:27,10 Sep 2023 14:04:28,10 Sep 2023 14:04:28,10 Sep 2023 14:04:28,512,2,96,301,0,2,111,52.158203,0.0,12343.262,1390,677,0,24599,0,680,,
https://servlet.ttlock.com/room/queryState,COMPLETE,200,https,POST,application/json;charset=utf-8,/192.168.1.135,59964,servlet.ttlock.com/8.211.32.62,443,,10 Sep 2023 14:04:27,10 Sep 2023 14:04:28,10 Sep 2023 14:04:28,10 Sep 2023 14:04:28,589,1,105,314,53,1,115,44.333984,38.472656,24074.219,1390,676,22,24599,0,53,,
https://servlet.ttlock.com/room/queryState,COMPLETE,200,https,POST,application/json;charset=utf-8,/192.168.1.135,59965,servlet.ttlock.com/8.211.32.62,443,,10 Sep 2023 14:04:29,10 Sep 2023 14:04:30,10 Sep 2023 14:04:30,10 Sep 2023 14:04:30,574,1,98,305,56,1,113,45.493164,36.411133,24074.219,1390,676,22,24599,0,53,,
https://servlet.ttlock.com/room/queryState,COMPLETE,200,https,POST,application/json;charset=utf-8,/192.168.1.135,59966,servlet.ttlock.com/8.211.32.62,443,,10 Sep 2023 14:04:29,10 Sep 2023 14:04:30,10 Sep 2023 14:04:30,10 Sep 2023 14:04:30,597,0,107,318,56,1,115,43.740234,36.411133,24074.219,1390,676,22,24599,0,53,,
https://servlet.ttlock.com/check/syncDataPage,COMPLETE,200,https,POST,application/json;charset=utf-8,/192.168.1.135,59967,servlet.ttlock.com/8.211.32.62,443,,10 Sep 2023 14:04:30,10 Sep 2023 14:04:31,10 Sep 2023 14:04:31,10 Sep 2023 14:04:31,593,0,93,287,88,1,124,45.5459,26.411133,24684.57,1390,680,310,24599,0,678,,
https://servlet.ttlock.com/system/listAdvert,COMPLETE,200,https,POST,application/json;charset=utf-8,/192.168.1.135,59968,servlet.ttlock.com/8.211.32.62,443,,10 Sep 2023 14:04:31,10 Sep 2023 14:04:32,10 Sep 2023 14:04:32,10 Sep 2023 14:04:32,528,0,104,319,1,0,104,50.57715,2018.5547,0.0,1390,677,0,24599,0,680,,
https://servlet.ttlock.com/room/queryState,COMPLETE,200,https,POST,application/json;charset=utf-8,/192.168.1.135,59969,servlet.ttlock.com/8.211.32.62,443,,10 Sep 2023 14:04:31,10 Sep 2023 14:04:32,10 Sep 2023 14:04:32,10 Sep 2023 14:04:32,565,0,98,302,56,0,109,46.217773,36.411133,0.0,1390,676,22,24599,0,53,,
https://servlet.ttlock.com/key/listUser,COMPLETE,200,https,POST,application/json;charset=utf-8,/192.168.1.135,59970,servlet.ttlock.com/8.211.32.62,443,,10 Sep 2023 14:05:25,10 Sep 2023 14:05:25,10 Sep 2023 14:05:26,10 Sep 2023 14:05:26,787,1,120,336,75,2,253,33.833008,28.450195,12246.582,1390,674,121,24599,0,482,,
https://servlet.ttlock.com/key/send,COMPLETE,200,https,POST,application/json;charset=utf-8,/192.168.1.135,59971,servlet.ttlock.com/8.211.32.62,443,,10 Sep 2023 14:05:54,10 Sep 2023 14:05:55,10 Sep 2023 14:05:55,10 Sep 2023 14:05:55,595,1,97,301,62,2,132,44.50586,35.879883,12128.418,1390,670,218,24599,0,240,,
https://servlet.ttlock.com/key/send,COMPLETE,200,https,POST,application/json;charset=utf-8,/192.168.1.135,59972,servlet.ttlock.com/8.211.32.62,443,,10 Sep 2023 14:05:57,10 Sep 2023 14:05:58,10 Sep 2023 14:05:58,10 Sep 2023 14:05:58,650,1,101,314,55,1,178,40.461914,40.677734,24063.477,1390,670,231,24599,0,42,,
https://servlet.ttlock.com/key/getNotifyContent,COMPLETE,200,https,POST,application/json;charset=utf-8,/192.168.1.135,59973,servlet.ttlock.com/8.211.32.62,443,,10 Sep 2023 14:06:00,10 Sep 2023 14:06:01,10 Sep 2023 14:06:01,10 Sep 2023 14:06:01,606,1,100,302,76,1,126,43.430664,27.060547,24262.695,1390,681,35,24599,0,246,,
https://servlet.ttlock.com/key/listUser,COMPLETE,200,https,POST,application/json;charset=utf-8,/192.168.1.135,59976,servlet.ttlock.com/8.211.32.62,443,,10 Sep 2023 14:06:10,10 Sep 2023 14:06:10,10 Sep 2023 14:06:11,10 Sep 2023 14:06:11,846,1,103,314,58,2,368,31.987305,36.789062,12463.867,1390,674,121,24599,0,927,,
https://servlet.ttlock.com/key/listUser,COMPLETE,200,https,POST,application/json;charset=utf-8,/192.168.1.135,59977,servlet.ttlock.com/8.211.32.62,443,,10 Sep 2023 14:06:12,10 Sep 2023 14:06:12,10 Sep 2023 14:06:12,10 Sep 2023 14:06:12,757,1,103,318,61,1,273,35.748047,34.979492,24927.734,1390,674,121,24599,0,927,,
https://servlet.ttlock.com/key/delete,COMPLETE,200,https,POST,application/json;charset=utf-8,/192.168.1.135,59978,servlet.ttlock.com/8.211.32.62,443,,10 Sep 2023 14:06:15,10 Sep 2023 14:06:16,10 Sep 2023 14:06:16,10 Sep 2023 14:06:16,642,0,109,340,66,0,127,40.78418,31.457031,0.0,1390,671,65,24599,0,87,,
https://servlet.ttlock.com/key/listUser,COMPLETE,200,https,POST,application/json;charset=utf-8,/192.168.1.135,59979,servlet.ttlock.com/8.211.32.62,443,,10 Sep 2023 14:06:17,10 Sep 2023 14:06:18,10 Sep 2023 14:06:18,10 Sep 2023 14:06:18,783,1,105,379,50,0,248,34.00586,42.67578,0.0,1390,674,121,24599,0,482,,
https://servlet.ttlock.com/key/delete,COMPLETE,200,https,POST,application/json;charset=utf-8,/192.168.1.135,59980,servlet.ttlock.com/8.211.32.62,443,,10 Sep 2023 14:06:20,10 Sep 2023 14:06:20,10 Sep 2023 14:06:20,10 Sep 2023 14:06:20,604,1,102,320,57,1,123,43.381836,36.7666,24107.422,1390,671,85,24599,0,87,,
https://servlet.ttlock.com/key/listUser,COMPLETE,200,https,POST,application/json;charset=utf-8,/192.168.1.135,59981,servlet.ttlock.com/8.211.32.62,443,,10 Sep 2023 14:06:21,10 Sep 2023 14:06:22,10 Sep 2023 14:06:22,10 Sep 2023 14:06:22,792,0,106,324,47,0,315,33.61914,45.399414,0.0,1390,674,121,24599,0,482,,
https://servlet.ttlock.com/room/queryState,COMPLETE,200,https,POST,application/json;charset=utf-8,/192.168.1.135,59982,servlet.ttlock.com/8.211.32.62,443,,10 Sep 2023 14:06:23,10 Sep 2023 14:06:24,10 Sep 2023 14:06:24,10 Sep 2023 14:06:24,565,1,98,297,56,0,113,46.217773,36.411133,0.0,1390,676,22,24599,0,53,,
https://servlet.ttlock.com/room/queryState,COMPLETE,200,https,POST,application/json;charset=utf-8,/192.168.1.135,59983,servlet.ttlock.com/8.211.32.62,443,,10 Sep 2023 14:06:24,10 Sep 2023 14:06:24,10 Sep 2023 14:06:24,10 Sep 2023 14:06:24,573,0,99,298,57,0,119,45.572266,35.77246,0.0,1390,676,22,24599,0,53,,
https://servlet.ttlock.com/wirelessKeyFob/list,COMPLETE,200,https,POST,application/json;charset=utf-8,/192.168.1.135,59984,servlet.ttlock.com/8.211.32.62,443,,10 Sep 2023 14:06:25,10 Sep 2023 14:06:26,10 Sep 2023 14:06:26,10 Sep 2023 14:06:26,576,0,103,313,45,1,114,45.25879,45.24707,24033.203,1390,680,15,24599,0,11,,
https://servlet.ttlock.com/room/queryState,COMPLETE,200,https,POST,application/json;charset=utf-8,/192.168.1.135,59985,servlet.ttlock.com/8.211.32.62,443,,10 Sep 2023 14:06:27,10 Sep 2023 14:06:28,10 Sep 2023 14:06:28,10 Sep 2023 14:06:28,595,1,104,317,51,0,122,43.887695,39.981445,0.0,1390,676,22,24599,0,53,,
https://servlet.ttlock.com/room/queryState,COMPLETE,200,https,POST,application/json;charset=utf-8,/192.168.1.135,59986,servlet.ttlock.com/8.211.32.62,443,,10 Sep 2023 14:06:28,10 Sep 2023 14:06:28,10 Sep 2023 14:06:28,10 Sep 2023 14:06:28,521,0,90,279,46,0,106,50.121094,44.32715,0.0,1390,676,22,24599,0,53,,
https://servlet.ttlock.com/plug/list,COMPLETE,200,https,POST,application/json;charset=utf-8,/192.168.1.135,59987,servlet.ttlock.com/8.211.32.62,443,,10 Sep 2023 14:06:30,10 Sep 2023 14:06:30,10 Sep 2023 14:06:30,10 Sep 2023 14:06:30,558,0,97,299,46,0,116,47.18457,44.60254,0.0,1390,670,41,24599,0,261,,
https://servlet.ttlock.com/room/queryState,COMPLETE,200,https,POST,application/json;charset=utf-8,/192.168.1.135,59988,servlet.ttlock.com/8.211.32.62,443,,10 Sep 2023 14:06:35,10 Sep 2023 14:06:36,10 Sep 2023 14:06:36,10 Sep 2023 14:06:36,533,0,90,280,57,1,105,48.992188,35.77246,24074.219,1390,676,22,24599,0,53,,
https://servlet.ttlock.com/room/queryState,COMPLETE,200,https,POST,application/json;charset=utf-8,/192.168.1.135,59989,servlet.ttlock.com/8.211.32.62,443,,10 Sep 2023 14:06:35,10 Sep 2023 14:06:36,10 Sep 2023 14:06:36,10 Sep 2023 14:06:36,557,1,98,294,58,1,105,46.881836,35.15625,24074.219,1390,676,22,24599,0,53,,
https://servlet.ttlock.com/fingerprint/list,COMPLETE,200,https,POST,application/json;charset=utf-8,/192.168.1.135,59990,servlet.ttlock.com/8.211.32.62,443,,10 Sep 2023 14:06:40,10 Sep 2023 14:06:41,10 Sep 2023 14:06:41,10 Sep 2023 14:06:41,601,0,100,303,71,0,127,46.20508,29.213867,0.0,1390,677,57,24599,0,1713,,
https://servlet.ttlock.com/room/queryState,COMPLETE,200,https,POST,application/json;charset=utf-8,/192.168.1.135,59991,servlet.ttlock.com/8.211.32.62,443,,10 Sep 2023 14:06:44,10 Sep 2023 14:06:44,10 Sep 2023 14:06:44,10 Sep 2023 14:06:44,570,0,99,302,59,0,110,45.8125,34.55957,0.0,1390,676,22,24599,0,53,,
https://servlet.ttlock.com/room/queryState,COMPLETE,200,https,POST,application/json;charset=utf-8,/192.168.1.135,59992,servlet.ttlock.com/8.211.32.62,443,,10 Sep 2023 14:06:44,10 Sep 2023 14:06:45,10 Sep 2023 14:06:45,10 Sep 2023 14:06:45,620,0,111,334,47,0,128,42.118164,43.38379,0.0,1390,676,22,24599,0,53,,
https://servlet.ttlock.com/keyboardPwd/listSendRecords,COMPLETE,200,https,POST,application/json;charset=utf-8,/192.168.1.135,59993,servlet.ttlock.com/8.211.32.62,443,,10 Sep 2023 14:06:46,10 Sep 2023 14:06:47,10 Sep 2023 14:06:47,10 Sep 2023 14:06:47,541,1,101,314,2,0,123,49.05371,1048.3398,0.0,1390,688,69,24599,0,429,,
https://servlet.ttlock.com/room/queryState,COMPLETE,200,https,POST,application/json;charset=utf-8,/192.168.1.135,59994,servlet.ttlock.com/8.211.32.62,443,,10 Sep 2023 14:06:49,10 Sep 2023 14:06:49,10 Sep 2023 14:06:49,10 Sep 2023 14:06:49,581,1,98,303,63,0,116,44.945312,32.365234,0.0,1390,676,22,24599,0,53,,
https://servlet.ttlock.com/room/queryState,COMPLETE,200,https,POST,application/json;charset=utf-8,/192.168.1.135,59995,servlet.ttlock.com/8.211.32.62,443,,10 Sep 2023 14:06:49,10 Sep 2023 14:06:50,10 Sep 2023 14:06:50,10 Sep 2023 14:06:50,583,0,104,317,48,0,114,44.791016,42.48047,0.0,1390,676,22,24599,0,53,,
https://servlet.ttlock.com/keyboardPwd/listSendRecords,COMPLETE,200,https,POST,application/json;charset=utf-8,/192.168.1.135,59996,servlet.ttlock.com/8.211.32.62,443,,10 Sep 2023 14:06:55,10 Sep 2023 14:06:56,10 Sep 2023 14:06:56,10 Sep 2023 14:06:56,599,0,106,321,56,0,116,44.30371,37.44043,0.0,1390,688,69,24599,0,429,,
https://servlet.ttlock.com/keyboardPwd/get,COMPLETE,200,https,POST,application/json;charset=utf-8,/192.168.1.135,59997,servlet.ttlock.com/8.211.32.62,443,,10 Sep 2023 14:06:59,10 Sep 2023 14:07:00,10 Sep 2023 14:07:00,10 Sep 2023 14:07:00,613,0,107,322,56,0,128,42.84082,39.0791,0.0,1390,677,174,24599,0,52,,
https://servlet.ttlock.com/keyboardPwd/getNotifyContent,COMPLETE,200,https,POST,application/json;charset=utf-8,/192.168.1.135,59998,servlet.ttlock.com/8.211.32.62,443,,10 Sep 2023 14:07:00,10 Sep 2023 14:07:01,10 Sep 2023 14:07:01,10 Sep 2023 14:07:01,603,0,107,328,46,1,121,43.958984,45.410156,24418.945,1390,689,60,24599,0,406,,
https://servlet.ttlock.com/keyboardPwd/get,COMPLETE,200,https,POST,application/json;charset=utf-8,/192.168.1.135,59999,servlet.ttlock.com/8.211.32.62,443,,10 Sep 2023 14:07:06,10 Sep 2023 14:07:07,10 Sep 2023 14:07:07,10 Sep 2023 14:07:07,642,0,97,339,56,0,150,40.901367,39.027344,0.0,1390,677,171,24599,0,52,,
https://servlet.ttlock.com/keyboardPwd/getNotifyContent,COMPLETE,200,https,POST,application/json;charset=utf-8,/192.168.1.135,60000,servlet.ttlock.com/8.211.32.62,443,,10 Sep 2023 14:07:07,10 Sep 2023 14:07:07,10 Sep 2023 14:07:08,10 Sep 2023 14:07:08,614,0,103,315,58,0,138,43.171875,36.01465,0.0,1390,689,60,24599,0,406,,
https://servlet.ttlock.com/keyboardPwd/listSendRecords,COMPLETE,200,https,POST,application/json;charset=utf-8,/192.168.1.135,60001,servlet.ttlock.com/8.211.32.62,443,,10 Sep 2023 14:07:09,10 Sep 2023 14:07:09,10 Sep 2023 14:07:10,10 Sep 2023 14:07:10,603,0,105,310,64,0,124,45.225586,32.759766,0.0,1390,688,69,24599,0,1180,,
https://servlet.ttlock.com/keyboardPwd/listSendRecords,COMPLETE,200,https,POST,application/json;charset=utf-8,/192.168.1.135,60002,servlet.ttlock.com/8.211.32.62,443,,10 Sep 2023 14:07:10,10 Sep 2023 14:07:11,10 Sep 2023 14:07:11,10 Sep 2023 14:07:11,626,1,105,328,58,1,133,43.564453,36.149414,25174.805,1390,688,69,24599,0,1180,,
https://servlet.ttlock.com/keyboardPwd/delete,COMPLETE,200,https,POST,application/json;charset=utf-8,/192.168.1.135,60003,servlet.ttlock.com/8.211.32.62,443,,10 Sep 2023 14:07:14,10 Sep 2023 14:07:14,10 Sep 2023 14:07:33,10 Sep 2023 14:07:33,19622,0,104,321,55,1,19141,1.3349609,37.748047,24126.953,1390,679,57,24599,0,107,,
https://servlet.ttlock.com/keyboardPwd/delete,COMPLETE,200,https,POST,application/json;charset=utf-8,/192.168.1.135,60004,servlet.ttlock.com/8.211.32.62,443,,10 Sep 2023 14:08:00,10 Sep 2023 14:08:01,10 Sep 2023 14:08:04,10 Sep 2023 14:08:04,3738,0,108,326,62,0,3242,7.0039062,33.48633,0.0,1390,679,57,24599,0,87,,
https://servlet.ttlock.com/keyboardPwd/listSendRecords,COMPLETE,200,https,POST,application/json;charset=utf-8,/192.168.1.135,60005,servlet.ttlock.com/8.211.32.62,443,,10 Sep 2023 14:08:05,10 Sep 2023 14:08:05,10 Sep 2023 14:08:05,10 Sep 2023 14:08:05,613,0,104,316,47,0,146,43.89258,44.609375,0.0,1390,688,69,24599,0,806,,
https://servlet.ttlock.com/keyboardPwd/delete,COMPLETE,200,https,POST,application/json;charset=utf-8,/192.168.1.135,60006,servlet.ttlock.com/8.211.32.62,443,,10 Sep 2023 14:08:09,10 Sep 2023 14:08:10,10 Sep 2023 14:08:18,10 Sep 2023 14:08:18,8949,1,98,298,56,0,8496,2.9257812,37.07422,0.0,1390,679,57,24599,0,87,,
https://servlet.ttlock.com/keyboardPwd/listSendRecords,COMPLETE,200,https,POST,application/json;charset=utf-8,/192.168.1.135,60007,servlet.ttlock.com/8.211.32.62,443,,10 Sep 2023 14:08:19,10 Sep 2023 14:08:19,10 Sep 2023 14:08:19,10 Sep 2023 14:08:19,653,0,97,347,92,0,117,40.63965,22.789062,0.0,1390,688,69,24599,0,429,,
